{"_runtime":42.341421837,"train/loss":2.1173043251037598,"train/lr(1e-3)":0.0005555555555555556,"_timestamp":1.7774265490260437e+09,"_step":1,"_wandb":{"runtime":42}}