{"_step":9,"prompt_length/max":2268,"val/webshop_task_score (not success_rate)":0.2792932674963925,"critic/advantages/mean":-0.008950309827923775,"timing_s/reward":0.05621314700692892,"perf/cpu_memory_used_gb":142.88873291015625,"episode/valid_action_ratio":0.9270833134651184,"training/rollout_probs_diff_mean":0.005564143415540457,"episode/reward/mean":0,"critic/returns/mean":-0.008950309827923775,"actor/grad_norm":0.1748543381690979,"timing_per_token_ms/adv":0.00048383378893325437,"global_seqlen/mean":124930,"response_length/mean":145.6145782470703,"perf/max_memory_allocated_gb":71.00784921646118,"timing_per_token_ms/ref":0.023072837434251647,"_timestamp":1.7778692334961283e+09,"critic/advantages/max":0.05434782803058624,"response_length/min":52,"perf/mfu/actor":0.38949903290136567,"critic/advantages/min":-0.1815934181213379,"response_length/clip_ratio":0.02083333395421505,"episode/length/max":15,"training/epoch":0,"actor/pg_clipfrac":0.00276819728120851,"global_seqlen/balanced_max":124930,"critic/rewards/mean":-0.00729166716337204,"episode/reward/max":0,"actor/lr":1e-06,"perf/time_per_step":58.058580095879734,"actor/kl_loss":0.015071162953972816,"prompt_length/mean":1155.7396240234375,"episode/tool_call_count/mean":0,"prompt_length/clip_ratio":0,"global_seqlen/balanced_min":124930,"timing_s/adv":0.060445355251431465,"timing_per_token_ms/gen":2.8871187934377085,"val/text/tool_call_count/mean":0,"training/global_step":9,"timing_s/old_log_prob":2.8498665830120444,"actor/pg_clipfrac_lower":0,"episode/success_rate":0,"critic/rewards/min":-0.10000000149011612,"timing_per_token_ms/update_actor":0.09456304086326484,"timing_s/gen":40.359033613465726,"episode/reward/min":0,"episode/webshop_task_score (not success_rate)":0.1397727272727273,"_wandb":{"runtime":998},"val/success_rate":0.0625,"global_seqlen/minmax_diff":0,"critic/score/min":-0.10000000149011612,"actor/pg_loss":0.003933455698036899,"global_seqlen/max":124930,"_runtime":998.14861443,"perf/max_memory_reserved_gb":90.970703125,"prompt_length/min":214,"training/rollout_probs_diff_max":0.16724994778633118,"perf/throughput":2151.79220355866,"critic/returns/max":0.05434782803058624,"actor/ppo_kl":-0.00015748468255575668,"response_length/max":512,"episode/length/mean":11.75,"episode/length/min":5,"timing_s/update_actor":11.813760695047677,"perf/total_num_tokens":124930,"actor/entropy_loss":1.0976008176803589,"timing_s/testing":423.18802865128964,"critic/score/mean":-0.00729166716337204,"critic/rewards/max":0,"timing_s/ref":2.8824895806610584,"val/text/test_score":0.5172413793103449,"critic/score/max":0,"actor/kl_coef":0.01,"timing_s/step":58.058580095879734,"global_seqlen/min":124930,"training/rollout_probs_diff_std":0.009565522894263268,"critic/returns/min":-0.1815934181213379}